<?xml version="1.0" encoding="UTF-8"?>
<project-private xmlns="http://www.netbeans.org/ns/project-private/1">
    <editor-bookmarks xmlns="http://www.netbeans.org/ns/editor-bookmarks/2" lastBookmarkId="0"/>
    <open-files xmlns="http://www.netbeans.org/ns/projectui-open-files/2">
        <group>
            <file>file:/C:/Users/Alunos/Desktop/Aulas/05.%20Estrutura%20de%20Dados/Aula%2010/AtvRecTec/src/Classes/Profissional.java</file>
            <file>file:/C:/Users/Alunos/Desktop/Aulas/05.%20Estrutura%20de%20Dados/Aula%2010/AtvRecTec/src/GUI/Tela3.java</file>
            <file>file:/C:/Users/Alunos/Desktop/Aulas/05.%20Estrutura%20de%20Dados/Aula%2010/AtvRecTec/src/Classes/Serializador.java</file>
            <file>file:/C:/Users/Alunos/Desktop/Aulas/05.%20Estrutura%20de%20Dados/Aula%2010/AtvRecTec/src/Classes/Controle.java</file>
            <file>file:/C:/Users/Alunos/Desktop/Aulas/05.%20Estrutura%20de%20Dados/Aula%2010/AtvRecTec/src/Classes/Pessoa.java</file>
            <file>file:/C:/Users/Alunos/Desktop/Aulas/05.%20Estrutura%20de%20Dados/Aula%2010/AtvRecTec/src/GUI/TelaCadastro.java</file>
            <file>file:/C:/Users/Alunos/Desktop/Aulas/05.%20Estrutura%20de%20Dados/Aula%2010/AtvRecTec/src/Classes/Usuario.java</file>
            <file>file:/C:/Users/Alunos/Desktop/Aulas/05.%20Estrutura%20de%20Dados/Aula%2010/AtvRecTec/src/GUI/Tela2.java</file>
        </group>
    </open-files>
</project-private>
